name1,name2,Name3
Jannik Sinner,Sinner J.,Jannik Sinner
Carlos Alcaraz,Alcaraz C.,Carlos Alcaraz
Novak Djokovic,Djokovic N.,Novak Djokovic
Alexander Zverev,Zverev A.,Alexander Zverev
Daniil Medvedev,Medvedev D.,Daniil Medvedev
Taylor Fritz,Fritz T.,Taylor Fritz
Jack Draper,Draper J.,Jack Draper
Alex De Minaur,De Minaur A.,Alex De Minaur
Grigor Dimitrov,Dimitrov G.,Grigor Dimitrov
Holger Rune,Rune H.,Holger Rune
Tommy Paul,Paul T.,Tommy Paul
Hubert Hurkacz,Hurkacz H.,Hubert Hurkacz
Stefanos Tsitsipas,Tsitsipas S.,Stefanos Tsitsipas
Tomas Machac,Machac T.,Tomas Machac
Ben Shelton,Shelton B.,Ben Shelton
Ugo Humbert,Humbert U.,Ugo Humbert
Matteo Berrettini,Berrettini M.,Matteo Berrettini
Karen Khachanov,Khachanov K.,Karen Khachanov
Lorenzo Musetti,Musetti L.,Lorenzo Musetti
Andrey Rublev,Rublev A.,Andrey Rublev
Sebastian Korda,Korda S.,Sebastian Korda
Casper Ruud,Ruud C.,Casper Ruud
Arthur Fils,Fils A.,Arthur Fils
Flavio Cobolli,Cobolli F.,Flavio Cobolli
Gael Monfils,Monfils G.,Gael Monfils
Alexei Popyrin,Popyrin A.,Alexei Popyrin
Jiri Lehecka,Lehecka J.,Jiri Lehecka
Jan Lennard Struff,Struff J.,Jan Lennard Struff
Joao Fonseca,Fonseca J.,Joao Fonseca
Jordan Thompson,Thompson J.,Jordan Thompson
Frances Tiafoe,Tiafoe F.,Frances Tiafoe
Giovanni Mpetshi Perricard,Mpetshi Perricard G.,Giovanni Mpetshi Perricard
Alex Michelsen,Michelsen A.,Alex Michelsen
Tallon Griekspoor,Griekspoor T.,Tallon Griekspoor
Francisco Cerundolo,Cerundolo F.,Francisco Cerundolo
Denis Shapovalov,Shapovalov D.,Denis Shapovalov
Felix Auger Aliassime,Auger Aliassime F.,Felix Auger-Aliassime
Hamad Medjedovic,Medjedovic H.,Hamad Medjedovic
Thanasi Kokkinakis,Kokkinakis T.,Thanasi Kokkinakis
Brandon Nakashima,Nakashima B.,Brandon Nakashima
Marcos Giron,Giron M.,Marcos Giron
Mattia Bellucci,Bellucci M.,Mattia Bellucci
Matteo Arnaldi,Arnaldi M.,Matteo Arnaldi
Jakub Mensik,Mensik J.,Jakub Mensik
Quentin Halys,Halys Q.,Quentin Halys
Roberto Bautista Agut,Bautista-Agut R.,Roberto Bautista Agut
Tomas Martin Etcheverry,Etcheverry T.,Tomas Martin Etcheverry
Zizou Bergs,Bergs Z.,Zizou Bergs
Cameron Norrie,Norrie C.,Cameron Norrie
Marton Fucsovics,Fucsovics M.,Marton Fucsovics
David Goffin,Goffin D.,David Goffin
Learner Tien,Tien L.,Learner Tien
Juncheng Shang,Shang J.,Juncheng Shang
Alejandro Davidovich Fokina,davidovich fokina a,Alejandro Davidovich Fokina
Roman Safiullin,Safiullin R.,Roman Safiullin
Alejandro Tabilo,Tabilo A.,Alejandro Tabilo
Emil Ruusuvuori,Ruusuvuori E.,Emil Ruusuvuori
Thiago Seyboth Wild,Wild T.,Thiago Seyboth Wild
Nuno Borges,Borges N.,Nuno Borges
Yoshihito Nishioka,Nishioka Y.,Yoshihito Nishioka
Alexander Bublik,Bublik A.,Alexander Bublik
Aleksandar Vukic,Vukic A.,Aleksandar Vukic
Zhizhen Zhang,Zhang Z.,Zhizhen Zhang
Nicolas Jarry,Jarry N.,Nicolas Jarry
Gabriel Diallo,Diallo G.,Gabriel Diallo
Botic Van De Zandschulp,Van de Zandschulp B.,Botic Van De Zandschulp
Miomir Kecmanovic,Kecmanovic M.,Miomir Kecmanovic
Sebastian Baez,Baez S.,Sebastian Baez
Rafael Nadal,Nadal R.,Rafael Nadal
Bu Yunchaokete,Yunchaokete B.,Bu Yunchaokete
Fabian Marozsan,Marozsan F.,Fabian Marozsan
Dominik Koepfer,Koepfer D.,Dominik Koepfer
Corentin Moutet,Moutet C.,Corentin Moutet
Milos Raonic,Raonic M.,Milos Raonic
Roberto Carballes Baena,carballes Baena R.,Roberto Carballes Baena
Christopher Oconnell,Oconnell C.,Christopher Oconnell
Lorenzo Sonego,Sonego L.,Lorenzo Sonego
Laslo Djere,Djere L.,Laslo Djere
Arthur Rinderknech,Rinderknech A.,Arthur Rinderknech
Pablo Carreno Busta,Carreno-Busta P.,Pablo Carreno Busta
Dominic Stricker,Stricker D.,Dominic Stricker
Kei Nishikori,Nishikori K.,Kei Nishikori
Adrian Mannarino,Mannarino A.,Adrian Mannarino
Stan Wawrinka,Wawrinka S.,Stan Wawrinka
Marin Cilic,Cilic M.,Marin Cilic
Max Purcell,Purcell M.,Max Purcell
Lukas Klein,Klein L.,Lukas Klein
Rinky Hijikata,Hijikata R.,Rinky Hijikata
Arthur Cazaux,Cazaux A.,Arthur Cazaux
Dusan Lajovic,Lajovic D.,Dusan Lajovic
Christopher Eubanks,Eubanks C.,Christopher Eubanks
Cristian Garin,Garin C.,Cristian Garin
Alexandre Muller,Muller A.,Alexandre Muller
Thiago Monteiro,Monteiro T.,Thiago Monteiro
Sebastian Ofner,Ofner S.,Sebastian Ofner
Aslan Karatsev,Karatsev A.,Aslan Karatsev
Benjamin Bonzi,Bonzi B.,Benjamin Bonzi
Yannick Hanfmann,Hanfmann Y.,Yannick Hanfmann
Otto Virtanen,Virtanen O.,Otto Virtanen
Pavel Kotov,Kotov P.,Pavel Kotov
Mackenzie Mcdonald,Mcdonald M.,Mackenzie Mcdonald
Radu Albot,Albot R.,Radu Albot
Daniel Evans,Evans D.,Daniel Evans
Andy Murray,Murray A.,Andy Murray
Hugo Gaston,Gaston H.,Hugo Gaston
Fabio Fognini,Fognini F.,Fabio Fognini
Jaume Munar,Munar J.,Jaume Munar
Mariano Navone,Navone M.,Mariano Navone
Borna Coric,Coric B.,Borna Coric
Alexander Shevchenko,Shevchenko A.,Alexander Shevchenko
Luciano Darderi,Darderi L.,Luciano Darderi
J J Wolf,Wolf J.,J J Wolf
Gregoire Barrere,Barrere G.,Gregoire Barrere
Daniel Elahi Galan,Galan D.,Daniel Elahi Galan
Taro Daniel,Daniel T.,Taro Daniel
Daniel Altmaier,Altmaier D.,Daniel Altmaier
Reilly Opelka,Opelka R.,Reilly Opelka
Luca Van Assche,Assche L.,Luca Van Assche
Nicolas Moreno De Alboran,Alboran N.,Nicolas Moreno De Alboran
Billy Harris,Harris B.,Billy Harris
James Duckworth,Duckworth J.,James Duckworth
Francisco Comesana,Comesana F.,Francisco Comesana
Terence Atmane,Atmane T.,Terence Atmane
Marc Andrea Huesler,Huesler M.,Marc Andrea Huesler
Duje Ajdukovic,Ajdukovic D.,Duje Ajdukovic
Facundo Diaz Acosta,Diaz Acosta F.,Facundo Diaz Acosta
Harold Mayot,Mayot H.,Harold Mayot
Aleksandar Kovacevic,Kovacevic A.,Aleksandar Kovacevic
Soon Woo Kwon,Kwon S.,Soon Woo Kwon
Pedro Martinez,Martinez P.,Pedro Martinez
Richard Gasquet,Gasquet R.,Richard Gasquet
Maximilian Marterer,Marterer M.,Maximilian Marterer
Dominic Thiem,Thiem D.,Dominic Thiem
Zachary Svajda,Svajda Z.,Zachary Svajda
Thiago Agustin Tirante,Tirante T.,Thiago Agustin Tirante
Albert Ramos,Ramos A.,Albert Ramos
Federico Coria,Coria F.,Federico Coria
Sumit Nagal,Nagal S.,Sumit Nagal
Juan Pablo Varillas,Varillas J.,Juan Pablo Varillas
Constant Lestienne,Lestienne C.,Constant Lestienne
Luca Nardi,Nardi L.,Luca Nardi
Adam Walton,Walton A.,Adam Walton
Pedro Cachin,Cachin P.,Pedro Cachin
Iga Swiatek,Swiatek I.,Iga Swiatek
Aryna Sabalenka,Sabalenka A.,Aryna Sabalenka
Coco Gauff,Gauff C.,Coco Gauff
Qinwen Zheng,Zheng Q.,Qinwen Zheng
Elena Rybakina,Rybakina E.,Elena Rybakina
Jessica Pegula,Pegula J.,Jessica Pegula
Paula Badosa,Badosa P.,Paula Badosa
Karolina Muchova,Muchova K.,Karolina Muchova
Jasmine Paolini,Paolini J.,Jasmine Paolini
Mirra Andreeva,Andreeva M.,Mirra Andreeva
Diana Shnaider,Shnaider D.,Diana Shnaider
Emma Navarro,Navarro E.,Emma Navarro
Danielle Collins,Collins D.,Danielle Collins
Madison Keys,Keys M.,Madison Keys
Daria Kasatkina,Kasatkina D.,Daria Kasatkina
Emma Raducanu,Raducanu E.,Emma Raducanu
Anna Kalinskaya,Kalinskaya A.,Anna Kalinskaya
Yulia Putintseva,Putintseva Y.,Yulia Putintseva
Marta Kostyuk,Kostyuk M.,Marta Kostyuk
Linda Noskova,Noskova L.,Linda Noskova
Beatriz Haddad Maia,haddad maia b.,Beatriz Haddad Maia
Barbora Krejcikova,Krejcikova B.,Barbora Krejcikova
Donna Vekic,Vekic D.,Donna Vekic
Victoria Azarenka,Azarenka V.,Victoria Azarenka
Elina Svitolina,Svitolina E.,Elina Svitolina
Leylah Fernandez,Fernandez L.,Leylah Annie Fernandez
Marketa Vondrousova,Vondrousova M.,Marketa Vondrousova
Amanda Anisimova,Anisimova A.,Amanda Anisimova
Liudmila Samsonova,Samsonova L.,Liudmila Samsonova
Maria Sakkari,Sakkari M.,Maria Sakkari
Katie Boulter,Boulter K.,Katie Boulter
Ons Jabeur,Jabeur O.,Ons Jabeur
Rebecca Sramkova,Sramkova R.,Rebecca Sramkova
Jelena Ostapenko,Ostapenko J.,Jelena Ostapenko
Lulu Sun,Sun L.,Lulu Sun
Naomi Osaka,Osaka N.,Naomi Osaka
Zeynep Sonmez,Sonmez Z.,Zeynep Sonmez
Camila Osorio,Osorio C.,Camila Osorio
Anastasia Pavlyuchenkova,Pavlyuchenkova A.,Anastasia Pavlyuchenkova
Peyton Stearns,Stearns P.,Peyton Stearns
Taylor Townsend,Townsend T.,Taylor Townsend
Magda Linette,Linette M.,Magda Linette
Anastasia Potapova,Potapova A.,Anastasia Potapova
Magdalena Frech,Frech M.,Magdalena Frech
Ekaterina Alexandrova,Alexandrova E.,Ekaterina Alexandrova
Eva Lys,Lys E.,Eva Lys
Marie Bouzkova,Bouzkova M.,Marie Bouzkova
Olga Danilovic,Danilovic O.,Olga Danilovic
Xin Yu Wang,Wang X.,Xin Yu Wang
Caroline Wozniacki,Wozniacki C.,Caroline Wozniacki
Ashlyn Krueger,Krueger A.,Ashlyn Krueger
Katerina Siniakova,Siniakova K.,Katerina Siniakova
Elise Mertens,Mertens E.,Elise Mertens
Caroline Garcia,Garcia C.,Caroline Garcia
Elina Avanesyan,Avanesyan E.,Elina Avanesyan
Yue Yuan,Yuan Y.,Yue Yuan
Bernarda Pera,Pera B.,Bernarda Pera
Elena Gabriela Ruse,Ruse E.,Elena Gabriela Ruse
Olivia Gadecki,Gadecki O.,Olivia Gadecki
Sorana Cirstea,Cirstea S.,Sorana Cirstea
Karolina Pliskova,Pliskova K.,Karolina Pliskova
Anhelina Kalinina,Kalinina A.,Anhelina Kalinina
Veronika Kudermetova,Kudermetova V.,Veronika Kudermetova
Viktorija Golubic,Golubic V.,Viktorija Golubic
Brenda Fruhvirtova,Fruhvirtova B.,Brenda Fruhvirtova
Diane Parry,Parry D.,Diane Parry
Bianca Andreescu,Andreescu B.,Bianca Andreescu
Laura Siegemund,Siegemund L.,Laura Siegemund
Yuliia Starodubtseva,Starodubtseva Y.,Yuliia Starodubtseva
Katie Volynets,Volynets K.,Katie Volynets
Irina Camelia Begu,Begu I.,Irina Camelia Begu
Hailey Baptiste,Baptiste H.,Hailey Baptiste
Sofia Kenin,Kenin S.,Sofia Kenin
Mccartney Kessler,Kessler M.,Mccartney Kessler
Ana Bogdan,Bogdan A.,Ana Bogdan
Sara Sorribes Tormo,Tormo S.,Sara Sorribes Tormo
Aliaksandra Sasnovich,Sasnovich A.,Aliaksandra Sasnovich
Ann Li,Li A.,Ann Li
Sloane Stephens,Stephens S.,Sloane Stephens
Lucia Bronzetti,Bronzetti L.,Lucia Bronzetti
Jaqueline Cristian,Cristian J.,Jaqueline Cristian
Xiyu Wang,Wang X.,Xiyu Wang
Angelique Kerber,Kerber A.,Angelique Kerber
Elisabetta Cocciaretto,Cocciaretto E.,Elisabetta Cocciaretto
Caroline Dolehide,Dolehide C.,Caroline Dolehide
Anna Karolina Schmiedlova,Schmiedlova A.,Anna Karolina Schmiedlova
Yafan Wang,Wang Y.,Yafan Wang
Mayar Sherif,Sherif M.,Mayar Sherif
Clara Burel,Burel C.,Clara Burel
Ena Shibahara,Shibahara E.,Ena Shibahara
Clara Tauson,Tauson C.,Clara Tauson
Lesia Tsurenko,Tsurenko L.,Lesia Tsurenko
Robin Montgomery,Montgomery R.,Robin Montgomery
Harriet Dart,Dart H.,Harriet Dart
Viktoriya Tomova,Tomova V.,Viktoriya Tomova
Lin Zhu,Zhu L.,Lin Zhu
Erika Andreeva,Andreeva E.,Erika Andreeva
Varvara Gracheva,Gracheva V.,Varvara Gracheva
Kimberly Birrell,Birrell K.,Kimberly Birrell
Sara Bejlek,Bejlek S.,Sara Bejlek
Greet Minnen,Minnen G.,Greet Minnen
Jessica Bouzas Maneiro,bouzas maneiro j,Jessica Bouzas Maneiro
Dayana Yastremska,Yastremska D.,Dayana Yastremska
Dalma Galfi,Galfi D.,Dalma Galfi
Jule Niemeier,Niemeier J.,Jule Niemeier
Suzan Lamens,Lamens S.,Suzan Lamens
Arantxa Rus,Rus A.,Arantxa Rus
Daria Saville,Saville D.,Daria Saville
Cristina Bucsa,Bucsa C.,Cristina Bucsa
Kamilla Rakhimova,Rakhimova K.,Kamilla Rakhimova
Ajla Tomljanovic,Tomljanovic A.,Ajla Tomljanovic
Sara Errani,Errani S.,Sara Errani
Petra Martic,Martic P.,Petra Martic
Shelby Rogers,Rogers S.,Shelby Rogers
Anna Blinkova,Blinkova A.,Anna Blinkova
Maria Lourdes Carle,Carle M.,Maria Lourdes Carle
Nao Hibino,Hibino N.,Nao Hibino
Renata Zarazua,Zarazua R.,Renata Zarazua
Tamara Zidansek,Zidansek T.,Tamara Zidansek
Lucrezia Stefanini,Stefanini L.,Lucrezia Stefanini
Moyuka Uchijima,Uchijima M.,Moyuka Uchijima
Marina Stakusic,Stakusic M.,Marina Stakusic
Maria Timofeeva,Timofeeva M.,Maria Timofeeva
Shuai Zhang,Zhang S.,Shuai Zhang
Martina Trevisan,Trevisan M.,Martina Trevisan
Mai Hontama,Hontama M.,Mai Hontama
Oceane Dodin,Dodin O.,Oceane Dodin
Julia Riera,Riera J.,Julia Riera
Rebeka Masarova,Masarova R.,Rebeka Masarova
Nadia Podoroska,Podoroska N.,Nadia Podoroska
Chloe Paquet,Paquet C.,Chloe Paquet
Ella Seidel,Seidel E.,Ella Seidel
Anna Bondar,Bondar A.,Anna Bondar
Jessika Ponchet,Ponchet J.,Jessika Ponchet
Tatjana Maria,Maria T.,Tatjana Maria
Linda Fruhvirtova,Fruhvirtova L.,Linda Fruhvirtova
Zhuoxuan Bai,Bai Z.,Zhuoxuan Bai
Alycia Parks,Parks A.,Alycia Parks
Emiliana Arango,Arango E.,Emiliana Arango
Tamara Korpatsch,Korpatsch T.,Tamara Korpatsch
Jana Fett,Fett J.,Jana Fett
Arina Rodionova,Rodionova A.,Arina Rodionova
Emina Bektas,Bektas E.,Emina Bektas
Laura Pigossi,Pigossi L.,Laura Pigossi
Nuria Parrizas Diaz ,Parrizas-Diaz N.,Nuria Parrizas Diaz 
Julia Grabher,Grabher J.,Julia Grabher
Caty Mcnally,McNally C.,Caty Mcnally
Danka Kovinic,Kovinic D.,Danka Kovinic
Rebecca Marino,Marino R.,Rebecca Marino
Camilo Ugo Carabelli,Ugo Carabelli C.,Camilo Ugo Carabelli
Kasidit Samrej,Samrej K.,Kasidit Samrej
Tristan Boyer,Boyer T.,Tristan Boyer
Emerson Jones,Jones E.,Emerson Jones
Kamil Majchrzak,Majchrzak K.,Kamil Majchrzak
Iva Jovic,Jovic I.,Iva Jovic
Mitchell Krueger,Krueger M.,Mitchell Krueger
Jenson Brooksby,Brooksby J.,Jenson Brooksby
Jodie Burrage,Burrage J.,Jodie Burrage
Jacob Fearnley,Fearnly J.,Jacob Fearnley
Francesco Passaro,Passaro F.,Francesco Passaro
Hady Habib,Habib H.,Hady Habib
Talia Gibson,Gibson T.,Talia Gibson
Jaime Faria,Faria J.,Jaime Faria
Thiago Seyboth Wild,Seyboth Wild T.,
Leylah Fernandez,Fernandez B.,
